<?xml version="1.0" encoding="UTF-8"?>
<project-private xmlns="http://www.netbeans.org/ns/project-private/1">
    <editor-bookmarks xmlns="http://www.netbeans.org/ns/editor-bookmarks/2" lastBookmarkId="0"/>
    <open-files xmlns="http://www.netbeans.org/ns/projectui-open-files/2">
        <group>
            <file>file:/C:/Users/Garima%20Priya/Documents/NetBeansProjects/salereport/web/all_food.jsp</file>
            <file>file:/C:/Users/Garima%20Priya/Documents/NetBeansProjects/salereport/web/update.jsp</file>
            <file>file:/C:/Users/Garima%20Priya/Documents/NetBeansProjects/salereport/web/delete.jsp</file>
            <file>file:/C:/Users/Garima%20Priya/Documents/NetBeansProjects/salereport/web/edit_return.jsp</file>
            <file>file:/C:/Users/Garima%20Priya/Documents/NetBeansProjects/salereport/web/add.jsp</file>
            <file>file:/C:/Users/Garima%20Priya/Documents/NetBeansProjects/salereport/web/garima.jsp</file>
        </group>
    </open-files>
</project-private>
